vacancy_name,company,link,salary_min,salary_max,salary_currency
Дата-инженер / Data Engineer,"«Procter & Gamble», Молодой специалист",https://reutov.hh.ru/vacancy/71236005?from=vacancy_search_list&query=python,130000.0,,руб.
"C# developer junior / middle (.net, full-stack / back-end)",Mindbox,https://reutov.hh.ru/vacancy/76709182?from=vacancy_search_list&query=python,100000.0,220000.0,руб.
"Java разработчик в команду ""Навыки""",ООО HeadHunter::Backend,https://reutov.hh.ru/vacancy/76713727?from=vacancy_search_list&query=python,350000.0,,руб.
Специалист службы поддержки с техническими знаниями (TOOLS),Яндекс,https://reutov.hh.ru/vacancy/73595103?from=vacancy_search_list&query=python,15000.0,39000.0,руб.
Трейдинг Team Lead,Gotbit,https://reutov.hh.ru/vacancy/77031266?from=vacancy_search_list&query=python,120000.0,,руб.
Senior DevOps Engineer (to EU),ТОО Фарэл Софтвейр Казахстан,https://reutov.hh.ru/vacancy/77044024?from=vacancy_search_list&query=python,4000.0,5500.0,USD
Middle / Senior QA инженер,ООО HeadHunter::QA,https://reutov.hh.ru/vacancy/47759634?from=vacancy_search_list&query=python,200000.0,,руб.
BIM менеджер,ООО Конструкторское Бюро Вектор,https://reutov.hh.ru/vacancy/76919700?from=vacancy_search_list&query=python,110000.0,120000.0,руб.
Ведущий Python разработчик (удаленка),Apostro,https://reutov.hh.ru/vacancy/76832091?from=vacancy_search_list&query=python,,8000.0,USD
Разработчик Python,ООО Нетопия,https://reutov.hh.ru/vacancy/77091465?from=vacancy_search_list&query=python,200000.0,250000.0,руб.
"Python-разработчик (Django, DRF)",ООО Фабрика Решений,https://reutov.hh.ru/vacancy/70705466?from=vacancy_search_list&query=python,60000.0,220000.0,руб.
Python-разработчик (Junior),ИП Щербин Алексей Сергеевич,https://reutov.hh.ru/vacancy/76729452?from=vacancy_search_list&query=python,40000.0,60000.0,руб.
"Python Developer (проект ""Маркетинг "") Middle",СБЕРКОРУС,https://reutov.hh.ru/vacancy/76968960?from=vacancy_search_list&query=python,,,not stated
Аналитик данных / Data Analyst,Сбер. Экспертам и руководителям,https://reutov.hh.ru/vacancy/69166398?from=vacancy_search_list&query=python,,,not stated
Аналитик данных / Data Analyst,Сбер. Экспертам и руководителям,https://reutov.hh.ru/vacancy/76869170?from=vacancy_search_list&query=python,,,not stated
"Python Developer (проект ""Маркетинг БКП"") Middle",СБЕРКОРУС,https://reutov.hh.ru/vacancy/76978400?from=vacancy_search_list&query=python,,,not stated
"Python Developer (проект ""Маркетинг"") Senior",СБЕРКОРУС,https://reutov.hh.ru/vacancy/76976985?from=vacancy_search_list&query=python,,,not stated
Java developer (команда Конверсы),ООО HeadHunter::Backend,https://reutov.hh.ru/vacancy/76713778?from=vacancy_search_list&query=python,,,not stated
"Менеджер по обработке данных (SPSS, SAS, Python)",ORO,https://reutov.hh.ru/vacancy/76290598?from=vacancy_search_list&query=python,,,not stated
"Программист Python (ML, Machine learning, PyTorch)",Авиакомпания AZUR air (ООО АЗУР эйр),https://reutov.hh.ru/vacancy/77023596?from=vacancy_search_list&query=python,,,not stated
Senior Python developer (Django),evrone.ru,https://reutov.hh.ru/vacancy/76821523?from=vacancy_search_list&query=python,,450000.0,руб.
Middle Python-разработчик,AERODISK,https://reutov.hh.ru/vacancy/75679088?from=vacancy_search_list&query=python,140000.0,250000.0,руб.
Программист Python,Enjoypro,https://reutov.hh.ru/vacancy/76785097?from=vacancy_search_list&query=python,,240000.0,руб.
Sr Python разработчик (удаленно),ООО АйТиКвик,https://reutov.hh.ru/vacancy/76958513?from=vacancy_search_list&query=python,,300000.0,руб.
Python разработчик,ООО Центр экологической безопасности гражданской авиации,https://reutov.hh.ru/vacancy/77025219?from=vacancy_search_list&query=python,80000.0,120000.0,руб.
Python Developer,Компэл,https://reutov.hh.ru/vacancy/76341334?from=vacancy_search_list&query=python,150000.0,230000.0,руб.
Python разработчик,Enjoypro,https://reutov.hh.ru/vacancy/71069892?from=vacancy_search_list&query=python,160000.0,200000.0,руб.
Python (Django) Backend developer,evrone.ru,https://reutov.hh.ru/vacancy/77020122?from=vacancy_search_list&query=python,,400000.0,руб.
Стажер,Rebotica,https://reutov.hh.ru/vacancy/76809922?from=vacancy_search_list&query=python,,80000.0,руб.
Team Lead Python,Дартс рекрутинг сервисез,https://reutov.hh.ru/vacancy/69431362?from=vacancy_search_list&query=python,6500.0,,USD
Разработчик Python,KamaGames Studio,https://reutov.hh.ru/vacancy/73911853?from=vacancy_search_list&query=python,,170000.0,руб.
Разработчик бэкэнд (Python),АНО Инфокультура,https://reutov.hh.ru/vacancy/76712573?from=vacancy_search_list&query=python,150000.0,180000.0,руб.
Разработчик Python,"EGAR TECHNOLOGY, INC.",https://reutov.hh.ru/vacancy/76030657?from=vacancy_search_list&query=python,,,not stated
Python разработчик (бэк + SQL),ГК Черноголовка,https://reutov.hh.ru/vacancy/76983698?from=vacancy_search_list&query=python,,,not stated
Разработчик Python midlle,"ГРЧЦ, ФГУП",https://reutov.hh.ru/vacancy/77060955?from=vacancy_search_list&query=python,,,not stated
Программист Python,"билайн: ИТ, Data, Digital",https://reutov.hh.ru/vacancy/76088946?from=vacancy_search_list&query=python,,,not stated
Junior + Data Engineer в СберМаркет,СберМаркет,https://reutov.hh.ru/vacancy/77122368?from=vacancy_search_list&query=python,,,not stated
Разработчик Python,3LOGIC GROUP,https://reutov.hh.ru/vacancy/77090228?from=vacancy_search_list&query=python,,,not stated
Python-разработчик,ГКУ Центр организации дорожного движения Правительства Москвы,https://reutov.hh.ru/vacancy/76949040?from=vacancy_search_list&query=python,,,not stated
Python-разработчик,BI.ZONE Направление Разработка,https://reutov.hh.ru/vacancy/77032460?from=vacancy_search_list&query=python,,,not stated
Middle разработчик Python / Django,ООО РА Дельта,https://reutov.hh.ru/vacancy/76405603?from=vacancy_search_list&query=python,60000.0,140000.0,руб.
С++/Python Developer,ООО Стратус,https://reutov.hh.ru/vacancy/76151125?from=vacancy_search_list&query=python,60000.0,120000.0,руб.
Python-разработчик систем сбора,ООО Селфсек,https://reutov.hh.ru/vacancy/72687495?from=vacancy_search_list&query=python,100000.0,150000.0,руб.
Data Scientist middle+/Senior,ИП Мамаева Ирина Анатольевна,https://reutov.hh.ru/vacancy/76032045?from=vacancy_search_list&query=python,250000.0,350000.0,руб.
Senior Backend Developer (Python),ООО Retail Rocket,https://reutov.hh.ru/vacancy/76565595?from=vacancy_search_list&query=python,,350000.0,руб.
Data scientist,Астор,https://reutov.hh.ru/vacancy/74376536?from=vacancy_search_list&query=python,200000.0,240000.0,руб.
Python developer (FastAPI),КИБЕР-РОМ,https://reutov.hh.ru/vacancy/76009255?from=vacancy_search_list&query=python,,250000.0,руб.
Специалист по автоматизации/Разработчик (SQL/VBA/Python),ООО АЙТИ.СПЕЙС,https://reutov.hh.ru/vacancy/77080309?from=vacancy_search_list&query=python,,200000.0,руб.
Разработчик Python,"Агентство 21 век, КЦ",https://reutov.hh.ru/vacancy/76868760?from=vacancy_search_list&query=python,,300000.0,руб.
Python developer,ООО Константа,https://reutov.hh.ru/vacancy/75574711?from=vacancy_search_list&query=python,,,not stated
TechLead (Python),"Лента, федеральная розничная сеть, IT ",https://reutov.hh.ru/vacancy/72234221?from=vacancy_search_list&query=python,,,not stated
Python-разработчик в команду Data Science,2ГИС,https://reutov.hh.ru/vacancy/77050354?from=vacancy_search_list&query=python,,,not stated
Python-разработчик,Outlines Technologies,https://reutov.hh.ru/vacancy/75793282?from=vacancy_search_list&query=python,,,not stated
Python-разработчик,АО РАСЧЕТНЫЕ РЕШЕНИЯ,https://reutov.hh.ru/vacancy/53864420?from=vacancy_search_list&query=python,,,not stated
Разработчик Python (ETL),Сбер для экспертов,https://reutov.hh.ru/vacancy/77077906?from=vacancy_search_list&query=python,,,not stated
Junior Python разработчик,Диалог Регионы,https://reutov.hh.ru/vacancy/76805135?from=vacancy_search_list&query=python,,,not stated
Аналитик данных (Data Analist),ООО Профессиональный экологический консалтинг,https://reutov.hh.ru/vacancy/76584671?from=vacancy_search_list&query=python,,,not stated
Python разработчик (Middle),Лига Цифровой Экономики,https://reutov.hh.ru/vacancy/77093669?from=vacancy_search_list&query=python,,,not stated
Разработчик бэкенда на Python в Вертикали,Яндекс,https://reutov.hh.ru/vacancy/76831391?from=vacancy_search_list&query=python,,,not stated
Python backend разработчик,AdCombo.com,https://reutov.hh.ru/vacancy/77073026?from=vacancy_search_list&query=python,,,not stated
Python developer (Middle),Secreate,https://reutov.hh.ru/vacancy/76958359?from=vacancy_search_list&query=python,170000.0,,руб.
Тьютор (удаленная работа),СИНЕРГИЯ,https://reutov.hh.ru/vacancy/76125298?from=vacancy_search_list&query=python,46000.0,58000.0,руб.
Python (Django) Backend developer,WebGears Services,https://reutov.hh.ru/vacancy/76768230?from=vacancy_search_list&query=python,,280000.0,руб.
Senior Python разработчик,ООО Альфа Базис,https://reutov.hh.ru/vacancy/77155591?from=vacancy_search_list&query=python,150000.0,200000.0,руб.
Middle/senior python разработчик,Триафлай,https://reutov.hh.ru/vacancy/76712283?from=vacancy_search_list&query=python,200000.0,,руб.
SQL-разработчик,ООО Отус,https://reutov.hh.ru/vacancy/76988404?from=vacancy_search_list&query=python,,65000.0,руб.
Senior Python Developer (Кипр),Wisebits,https://reutov.hh.ru/vacancy/76929480?from=vacancy_search_list&query=python,4000.0,,EUR
Senior Python Developer,Компэл,https://reutov.hh.ru/vacancy/69345269?from=vacancy_search_list&query=python,200000.0,250000.0,руб.
Аналитик данных / Data Analyst,ООО Центр экологической безопасности гражданской авиации,https://reutov.hh.ru/vacancy/77024983?from=vacancy_search_list&query=python,80000.0,120000.0,руб.
Аналитик данных / Data Analyst,"Телеканал Россия, ГТК",https://reutov.hh.ru/vacancy/77068297?from=vacancy_search_list&query=python,,,not stated
Data Scientist в команду качества геопоиска,Яндекс,https://reutov.hh.ru/vacancy/76208597?from=vacancy_search_list&query=python,,,not stated
Аналитик данных Python и VBA (HR),ПАО Ростелеком,https://reutov.hh.ru/vacancy/76939495?from=vacancy_search_list&query=python,,,not stated
Junior/Middle Data Scientist SberData,Сбер для экспертов,https://reutov.hh.ru/vacancy/76911900?from=vacancy_search_list&query=python,,,not stated
Разработчик Python (middle),ООО ПроКомплаенс,https://reutov.hh.ru/vacancy/76816845?from=vacancy_search_list&query=python,,,not stated
Младший инженер САУ по авиа- и автомобильным системам,ООО ЦИТМ Экспонента,https://reutov.hh.ru/vacancy/74248394?from=vacancy_search_list&query=python,,,not stated
Python-разработчик (команда Delivery&Release Management),Сбер. IT,https://reutov.hh.ru/vacancy/76731653?from=vacancy_search_list&query=python,,,not stated
Fullstack developer Python-JS / Фулстек-Разработчик,ООО НТ Прогресс,https://reutov.hh.ru/vacancy/72731847?from=vacancy_search_list&query=python,,,not stated
Python developer (middle),ООО НОВОСИСТЕМ,https://reutov.hh.ru/vacancy/76105043?from=vacancy_search_list&query=python,,,not stated
Full Stack разработчик (Python и Django),URSiP,https://reutov.hh.ru/vacancy/75914241?from=vacancy_search_list&query=python,,,not stated
Разработчик Python(RuPost),Группа компаний Астра,https://reutov.hh.ru/vacancy/43558725?from=vacancy_search_list&query=python,,,not stated
Инженер-программист,ООО АЛЬФАСАТКОМ,https://reutov.hh.ru/vacancy/77073780?from=vacancy_search_list&query=python,80000.0,200000.0,руб.
Дата-инженер/Разработчик (Middle),Платформа Больших Данных,https://reutov.hh.ru/vacancy/76030125?from=vacancy_search_list&query=python,250000.0,300000.0,руб.
WEB/Data-аналитик,ООО ФЛАУВАУ,https://reutov.hh.ru/vacancy/76412397?from=vacancy_search_list&query=python,140000.0,200000.0,руб.
Jun+/Middle Backend,ООО НЬЮЭРАМЕДИА,https://reutov.hh.ru/vacancy/76064463?from=vacancy_search_list&query=python,120000.0,400000.0,руб.
Реверс инженер,ООО Бринго,https://reutov.hh.ru/vacancy/76329447?from=vacancy_search_list&query=python,3000.0,7000.0,EUR
Senior Python разработчик высоконагруженных систем,ООО СмартЭкоСистема,https://reutov.hh.ru/vacancy/76150366?from=vacancy_search_list&query=python,,270000.0,руб.
Фотограмметрист,ООО Партнер,https://reutov.hh.ru/vacancy/77086988?from=vacancy_search_list&query=python,80000.0,,руб.
Разработчик Python,"АО Точных Приборов, НИИ",https://reutov.hh.ru/vacancy/76718141?from=vacancy_search_list&query=python,120000.0,300000.0,руб.
Senior Machine Learning Engineer (Golang/Python/Scala) to Lisbon,Joom,https://reutov.hh.ru/vacancy/73475819?from=vacancy_search_list&query=python,380000.0,,руб.
Data Scientist,"Лента, федеральная розничная сеть, IT ",https://reutov.hh.ru/vacancy/77075807?from=vacancy_search_list&query=python,,,not stated
FPGA DSP разработчик,ООО Райтек,https://reutov.hh.ru/vacancy/76971851?from=vacancy_search_list&query=python,,,not stated
Python разработчик (Проект Персональные данные),"ГРЧЦ, ФГУП",https://reutov.hh.ru/vacancy/54261880?from=vacancy_search_list&query=python,,,not stated
"Аналитик корпоративных массивов данных (с навыками в Data Science, Machine Learning)",ЭкспрессДеньги,https://reutov.hh.ru/vacancy/76385297?from=vacancy_search_list&query=python,,,not stated
Data Scientist / ML Инженер,Stellar Labs,https://reutov.hh.ru/vacancy/76827021?from=vacancy_search_list&query=python,,,not stated
Senior Python (Django) разработчик,Группа Самолет,https://reutov.hh.ru/vacancy/74343712?from=vacancy_search_list&query=python,,,not stated
Middle backend-разработчик Python,ИТЕРАНЕТ,https://reutov.hh.ru/vacancy/76140465?from=vacancy_search_list&query=python,,,not stated
Python-разработчик (команда SberWorks),Сбер для экспертов,https://reutov.hh.ru/vacancy/76940066?from=vacancy_search_list&query=python,,,not stated
Ведущий разработчик Python,ООО ИЦ АЙ-ТЕКО,https://reutov.hh.ru/vacancy/76963001?from=vacancy_search_list&query=python,,,not stated
Инженер-программист Python,Cloud,https://reutov.hh.ru/vacancy/76827205?from=vacancy_search_list&query=python,,,not stated
Разработчик на python в команду новых сервисов,ООО Ритм,https://reutov.hh.ru/vacancy/75770861?from=vacancy_search_list&query=python,,,not stated
Ведущий программист / разработчик Linux,МД Информационные Системы,https://reutov.hh.ru/vacancy/76676726?from=vacancy_search_list&query=python,300000.0,,руб.
Senior Python developer,S8 Capital,https://reutov.hh.ru/vacancy/76843545?from=vacancy_search_list&query=python,,400000.0,руб.
Инженер-программист,ГКУ города Москвы Центр занятости населения города Москвы,https://reutov.hh.ru/vacancy/73126030?from=vacancy_search_list&query=python,60000.0,120000.0,руб.
Программист С++ Senior,ООО Дубайт,https://reutov.hh.ru/vacancy/71147159?from=vacancy_search_list&query=python,400000.0,700000.0,руб.
Middle Python Developer,53x Apps,https://reutov.hh.ru/vacancy/76914637?from=vacancy_search_list&query=python,100000.0,200000.0,руб.
Python developer,HR Prime,https://reutov.hh.ru/vacancy/76684674?from=vacancy_search_list&query=python,,350000.0,руб.
"Backend разработчик Middle +, Senior (Python, Go)",ООО Инновационный центр КАМАЗ,https://reutov.hh.ru/vacancy/76345518?from=vacancy_search_list&query=python,200000.0,,руб.
Тестировщик,ООО Зебра-ПР,https://reutov.hh.ru/vacancy/76161001?from=vacancy_search_list&query=python,50000.0,70000.0,руб.
Аналитик данных (SQL),PA Profrecrut (ИП Камовская Ирина Вячеславовна),https://reutov.hh.ru/vacancy/76785567?from=vacancy_search_list&query=python,120000.0,150000.0,руб.
Backend-разработчик на Python,KALABI,https://reutov.hh.ru/vacancy/76645631?from=vacancy_search_list&query=python,180000.0,,руб.
Senior Python Developer (System Integration Testing),NetworkOptix,https://reutov.hh.ru/vacancy/72424557?from=vacancy_search_list&query=python,4000.0,,USD
Backend разработчик (Python),INSITECH Development,https://reutov.hh.ru/vacancy/75780109?from=vacancy_search_list&query=python,,,not stated
Младший аналитик в Методологической группе,АО Аналитическое кредитное рейтинговое агентство (АКРА),https://reutov.hh.ru/vacancy/76870023?from=vacancy_search_list&query=python,,,not stated
Game Analyst (игровой аналитик),Gear Games,https://reutov.hh.ru/vacancy/76254367?from=vacancy_search_list&query=python,,,not stated
Senior/Middle Python разработчик,"Лента, федеральная розничная сеть, IT ",https://reutov.hh.ru/vacancy/74351176?from=vacancy_search_list&query=python,,,not stated
Data analyst,билайн: Контактные центры,https://reutov.hh.ru/vacancy/75520500?from=vacancy_search_list&query=python,,,not stated
Python-developer,WILDBERRIES,https://reutov.hh.ru/vacancy/73253176?from=vacancy_search_list&query=python,,,not stated
Тим/Тех лид Python,ADV/web-engineering,https://reutov.hh.ru/vacancy/76801419?from=vacancy_search_list&query=python,,,not stated
Аналитик-разработчик в антифрод Такси,Яндекс,https://reutov.hh.ru/vacancy/76152322?from=vacancy_search_list&query=python,,,not stated
Senior Python разработчик (Django),Группа Самолет,https://reutov.hh.ru/vacancy/77002836?from=vacancy_search_list&query=python,,,not stated
Backend Developer (Python) Middle+ / Team Lead,АО СмартРейс,https://reutov.hh.ru/vacancy/76889492?from=vacancy_search_list&query=python,150000.0,300000.0,руб.
Преподаватель программирования Scratch/3D в онлайн-школу для детей (удаленно),Компьютерная школа IT-Compot,https://reutov.hh.ru/vacancy/76264830?from=vacancy_search_list&query=python,25000.0,60000.0,руб.
Lead Python developer,"Агентство 21 век, КЦ",https://reutov.hh.ru/vacancy/76856894?from=vacancy_search_list&query=python,,400000.0,руб.
Программист Linux,ООО Фактор-ТС,https://reutov.hh.ru/vacancy/76592132?from=vacancy_search_list&query=python,100000.0,500000.0,руб.
Data scientist (math modeling),ITSS,https://reutov.hh.ru/vacancy/76674451?from=vacancy_search_list&query=python,4000.0,10000.0,USD
Инженер инфраструктуры / DevOps / SRE,Баззула Интернет Технологии,https://reutov.hh.ru/vacancy/76688347?from=vacancy_search_list&query=python,200000.0,250000.0,руб.
Тестировщик (Automation engineer Selenium),"СОКБ, НИИ",https://reutov.hh.ru/vacancy/76346773?from=vacancy_search_list&query=python,140000.0,,руб.
Преподаватель КиберШколы,ООО Азбука Игры,https://reutov.hh.ru/vacancy/76725442?from=vacancy_search_list&query=python,40000.0,100000.0,руб.
"Репетитор по программированию в начальной школе (Sсratch, Python)",ООО Онлайн-школа Фоксфорд,https://reutov.hh.ru/vacancy/75986700?from=vacancy_search_list&query=python,,,not stated
Fullstack Python Developer / Python Разработчик,"Группа компаний «Group4Media», Управляющая компания",https://reutov.hh.ru/vacancy/76399952?from=vacancy_search_list&query=python,,,not stated
Mid/Mid+ Data Scientist,Платформа ОФД,https://reutov.hh.ru/vacancy/76396688?from=vacancy_search_list&query=python,,,not stated
Python-разработчик,ООО Ред Софт,https://reutov.hh.ru/vacancy/75578822?from=vacancy_search_list&query=python,,,not stated
Tech Lead Python (Django),Группа Самолет,https://reutov.hh.ru/vacancy/75762841?from=vacancy_search_list&query=python,,,not stated
Репетитор по программированию (Рython) для 5-11 классов,ООО Онлайн-школа Фоксфорд,https://reutov.hh.ru/vacancy/75986190?from=vacancy_search_list&query=python,,,not stated
TeamLead Python/C++,Ювенко,https://reutov.hh.ru/vacancy/76454509?from=vacancy_search_list&query=python,,,not stated
Python-разработчик (видеохостинг),"VK, Дзен",https://reutov.hh.ru/vacancy/76032303?from=vacancy_search_list&query=python,,,not stated
Аналитик-разработчик в качество Геопоиска,Яндекс,https://reutov.hh.ru/vacancy/75721291?from=vacancy_search_list&query=python,,,not stated
Middle/Senior Python Developer,FunBox,https://reutov.hh.ru/vacancy/76151291?from=vacancy_search_list&query=python,,,not stated
Аналитик данных,ООО Онпоинт,https://reutov.hh.ru/vacancy/76323720?from=vacancy_search_list&query=python,,,not stated
Python Developer (KATA),Лаборатория Касперского,https://reutov.hh.ru/vacancy/76804927?from=vacancy_search_list&query=python,,,not stated
Программист,ООО ВАЙФАЙНДЕР,https://reutov.hh.ru/vacancy/76005577?from=vacancy_search_list&query=python,100000.0,,руб.
"Программист на языке Си (автоматизация тестирования API, junior)",ООО Фирма Инфокрипт,https://reutov.hh.ru/vacancy/76289865?from=vacancy_search_list&query=python,40000.0,70000.0,руб.
Стажер в команду продукта Строки,"ПАО «МТС», Стажировки",https://reutov.hh.ru/vacancy/76906577?from=vacancy_search_list&query=python,,60000.0,руб.
Middle DevOps-инженер (Сербия),ООО МШП,https://reutov.hh.ru/vacancy/76111939?from=vacancy_search_list&query=python,2500.0,3000.0,EUR
Тестировщик ПО (Python),EFIX GROUP,https://reutov.hh.ru/vacancy/73037104?from=vacancy_search_list&query=python,,250000.0,руб.
Инженер-программист,ОАО НПП Темп им. Ф. Короткова,https://reutov.hh.ru/vacancy/76150077?from=vacancy_search_list&query=python,130000.0,,руб.
Инженер внедрения программного обеспечения,ООО ЭВРИТЕГ,https://reutov.hh.ru/vacancy/75556406?from=vacancy_search_list&query=python,,170000.0,руб.
Python-разработчик,ЛитРес,https://reutov.hh.ru/vacancy/71525700?from=vacancy_search_list&query=python,,,not stated
Младший научный сотрудник (программное обеспечение),ФГУП Центральный научно-исследовательский институт химии и механики,https://reutov.hh.ru/vacancy/66231811?from=vacancy_search_list&query=python,,,not stated
Инженер внедрения стека DevSecOps,Swordfish Security,https://reutov.hh.ru/vacancy/71934284?from=vacancy_search_list&query=python,,,not stated
"Ревьюер курса ""Тестирование веб-приложений на python""",Яндекс Практикум,https://reutov.hh.ru/vacancy/76567867?from=vacancy_search_list&query=python,,,not stated
Python developer (Machine Learning Engineer),Сбер. Data Science,https://reutov.hh.ru/vacancy/76654024?from=vacancy_search_list&query=python,,,not stated
R&D engineer,AERODISK,https://reutov.hh.ru/vacancy/76330537?from=vacancy_search_list&query=python,,,not stated
Младший консультант в группу управления финансовыми рисками,Kept (Кэпт),https://reutov.hh.ru/vacancy/71910888?from=vacancy_search_list&query=python,,,not stated
Technical Support Engineer / Инженер по сопровождению торговой платформы,ООО НТ Прогресс,https://reutov.hh.ru/vacancy/73987245?from=vacancy_search_list&query=python,,,not stated
Преподаватель дисциплин по IT,Международный колледж IThub,https://reutov.hh.ru/vacancy/74242138?from=vacancy_search_list&query=python,,,not stated
Инженер SIEM,Angara Security,https://reutov.hh.ru/vacancy/77011104?from=vacancy_search_list&query=python,,,not stated
Инженер по автоматизации тестирования,ООО БОЛЬШАЯ ТРОЙКА,https://reutov.hh.ru/vacancy/76963515?from=vacancy_search_list&query=python,,,not stated
Преподаватель онлайн курсов в сфере IT,Компьютерная Академия Top,https://reutov.hh.ru/vacancy/76011659?from=vacancy_search_list&query=python,,,not stated
Python-разработчик (VK People Hub),"VK, Цифровые технологии",https://reutov.hh.ru/vacancy/76645594?from=vacancy_search_list&query=python,,,not stated
Data Analyst / Аналитик данных,КБ Стрелка,https://reutov.hh.ru/vacancy/72492020?from=vacancy_search_list&query=python,100000.0,120000.0,руб.
QA engineer (python),Staffwell,https://reutov.hh.ru/vacancy/76407489?from=vacancy_search_list&query=python,,160000.0,руб.
Python-разработчик,Star-Staff,https://reutov.hh.ru/vacancy/76469323?from=vacancy_search_list&query=python,,250000.0,руб.
Преподаватель программирования / Учитель информатики,ООО Консалтинговая группа Финиум,https://reutov.hh.ru/vacancy/75751534?from=vacancy_search_list&query=python,80000.0,80000.0,руб.
Аналитик,Исраелян Ерем Давидович,https://reutov.hh.ru/vacancy/76888694?from=vacancy_search_list&query=python,50000.0,130000.0,руб.
Преподаватель робототехники,Клуб робототехники MyRoboclub,https://reutov.hh.ru/vacancy/76889532?from=vacancy_search_list&query=python,20000.0,80000.0,руб.
Преподаватель детских компьютерных курсов,Компьютерная Академия Top,https://reutov.hh.ru/vacancy/76452337?from=vacancy_search_list&query=python,50000.0,80000.0,руб.
Младший биоинформатик,ФГБУ НМИЦ эндокринологии Минздрава России,https://reutov.hh.ru/vacancy/76714315?from=vacancy_search_list&query=python,60000.0,,руб.
Главный разработчик Python,АО НПФ ЭВОЛЮЦИЯ,https://reutov.hh.ru/vacancy/70093763?from=vacancy_search_list&query=python,100000.0,200000.0,руб.
Python разработчик (Middle),QSOFT,https://reutov.hh.ru/vacancy/76663113?from=vacancy_search_list&query=python,,,not stated
Главный разработчик Python/JS,"МАГНИТ, Розничная сеть",https://reutov.hh.ru/vacancy/76779281?from=vacancy_search_list&query=python,,,not stated
Python-разработчик,Сбер. IT,https://reutov.hh.ru/vacancy/75700571?from=vacancy_search_list&query=python,,,not stated
Python-разработчик в Цифровые поверхности Салют (Сценарная разработка),Сбер. IT,https://reutov.hh.ru/vacancy/75888105?from=vacancy_search_list&query=python,,,not stated
Junior Python Developer (удалённо),Azur Games,https://reutov.hh.ru/vacancy/76264505?from=vacancy_search_list&query=python,,,not stated
Middle python developer,Группа НЛМК ИТ и Диджитал,https://reutov.hh.ru/vacancy/76715975?from=vacancy_search_list&query=python,,,not stated
Инженер-программист (алгоритмист),АО НТЦ Модуль,https://reutov.hh.ru/vacancy/76764672?from=vacancy_search_list&query=python,,,not stated
Разработчик Python+MS SQL+1C,"АЛИДИ, Группа компаний",https://reutov.hh.ru/vacancy/76852114?from=vacancy_search_list&query=python,,,not stated
Программист Linux С/Python,ООО Ред Софт,https://reutov.hh.ru/vacancy/76807924?from=vacancy_search_list&query=python,,,not stated
Fullstack QA Engineer (Python),СберМаркет,https://reutov.hh.ru/vacancy/76870915?from=vacancy_search_list&query=python,,,not stated
Преподаватель IT курсов онлайн,ООО Отус,https://reutov.hh.ru/vacancy/76409000?from=vacancy_search_list&query=python,,,not stated
Senior Python Developer,Whoosh (ООО Вуш),https://reutov.hh.ru/vacancy/68492110?from=vacancy_search_list&query=python,250000.0,350000.0,руб.
Разработчик / техлид (Python),SATORI,https://reutov.hh.ru/vacancy/76149421?from=vacancy_search_list&query=python,,230000.0,руб.
Junior Data Еngineer Управления модельных рисков и валидации,Банк ВТБ (ПАО),https://reutov.hh.ru/vacancy/73038601?from=vacancy_search_list&query=python,,,not stated
Python developer/QA (middle),Бюро 1440,https://reutov.hh.ru/vacancy/75749676?from=vacancy_search_list&query=python,,,not stated
Младший актуарий,Kept (Кэпт),https://reutov.hh.ru/vacancy/66952758?from=vacancy_search_list&query=python,,,not stated
Python-разработчик в команду Облачных баз данных,Selectel,https://reutov.hh.ru/vacancy/72417835?from=vacancy_search_list&query=python,,,not stated
"Аналитик SQL,Python","Иннотех, Группа компаний",https://reutov.hh.ru/vacancy/76103789?from=vacancy_search_list&query=python,,,not stated
Программист Python,Gallery,https://reutov.hh.ru/vacancy/76272911?from=vacancy_search_list&query=python,,,not stated
Python разработчик (SmartVoice),Сбер. IT,https://reutov.hh.ru/vacancy/76294359?from=vacancy_search_list&query=python,,,not stated
Стажер в Sber AI Lab,Сбер для экспертов,https://reutov.hh.ru/vacancy/76714622?from=vacancy_search_list&query=python,,,not stated
Разработчик Python (Риск - стратег),Сбер для экспертов,https://reutov.hh.ru/vacancy/76331409?from=vacancy_search_list&query=python,,,not stated
Разработчик Python,"Иннотех, Группа компаний",https://reutov.hh.ru/vacancy/76235272?from=vacancy_search_list&query=python,,,not stated
Junior Data Analyst,"РЕСО-Гарантия, САО",https://reutov.hh.ru/vacancy/75999369?from=vacancy_search_list&query=python,,,not stated
Python developer,Wanted,https://reutov.hh.ru/vacancy/76163281?from=vacancy_search_list&query=python,,,not stated
Python developer,Teachbase,https://reutov.hh.ru/vacancy/76544211?from=vacancy_search_list&query=python,,,not stated
Python разработчик,ГКУ Инфогород,https://reutov.hh.ru/vacancy/76160225?from=vacancy_search_list&query=python,,,not stated
Эксперт в аналитике данных (консультация),Суши WOK,https://reutov.hh.ru/vacancy/76226688?from=vacancy_search_list&query=python,,,not stated
Стажер (в Департамент по технологическому и аналитическому развитию),Tele2,https://reutov.hh.ru/vacancy/76408635?from=vacancy_search_list&query=python,,,not stated
"Стажёр системный аналитик, Группа по управлению ИТ рисками, Направление средств контроля",Ozon Информационные технологии,https://reutov.hh.ru/vacancy/76672299?from=vacancy_search_list&query=python,,,not stated
Python-разработчик (VK Tax Compliance),"VK, Цифровые технологии",https://reutov.hh.ru/vacancy/76274598?from=vacancy_search_list&query=python,,,not stated
Back-end Developer (Python/Golang),Brands Go Digital,https://reutov.hh.ru/vacancy/76078011?from=vacancy_search_list&query=python,140000.0,200000.0,руб.
Junior developer PHP (стажер),Первый Бит,https://reutov.hh.ru/vacancy/76213471?from=vacancy_search_list&query=python,,45000.0,руб.
Младший системный администратор,Jobers,https://reutov.hh.ru/vacancy/76420568?from=vacancy_search_list&query=python,60000.0,90000.0,руб.
Риск-технолог (Middle Python разработчик),HRDialog,https://reutov.hh.ru/vacancy/76342622?from=vacancy_search_list&query=python,,200000.0,руб.
Data Аналитик (Middle),Кадровое агентство Юнити,https://reutov.hh.ru/vacancy/76226891?from=vacancy_search_list&query=python,,200000.0,руб.
Разработчик Python (Middle+),МЕТАШАРКС,https://reutov.hh.ru/vacancy/75999612?from=vacancy_search_list&query=python,90000.0,140000.0,руб.
Python developer,LATOKEN,https://reutov.hh.ru/vacancy/76010850?from=vacancy_search_list&query=python,2500.0,3700.0,руб.
Преподаватель программирования для детей (удаленно),Easyskills,https://reutov.hh.ru/vacancy/76428347?from=vacancy_search_list&query=python,35000.0,100000.0,руб.
Технический писатель,Флюид-Лайн,https://reutov.hh.ru/vacancy/73828401?from=vacancy_search_list&query=python,40000.0,50000.0,руб.
Программист - Тьютор / Наставник КиберШколы,ИП Смирнова Татьяна Михайловна,https://reutov.hh.ru/vacancy/76098118?from=vacancy_search_list&query=python,75000.0,150000.0,руб.
Преподаватель по программированию,Skycode,https://reutov.hh.ru/vacancy/76587353?from=vacancy_search_list&query=python,25000.0,70000.0,руб.
"Преподаватель компьютерных IT курсов, программирования, информатики",Центр программирования Coding Skills,https://reutov.hh.ru/vacancy/76563416?from=vacancy_search_list&query=python,,100000.0,руб.
"Python - разработчик (Middle), удаленно",Adwile,https://reutov.hh.ru/vacancy/76112984?from=vacancy_search_list&query=python,,,not stated
Python Developer (Middle),ICVR,https://reutov.hh.ru/vacancy/76116978?from=vacancy_search_list&query=python,,,not stated
Преподаватель онлайн-курсов Python-разработчик,ООО Иннокод,https://reutov.hh.ru/vacancy/76339591?from=vacancy_search_list&query=python,,,not stated
Backend-разработчик (Python),Миго-групп,https://reutov.hh.ru/vacancy/76044514?from=vacancy_search_list&query=python,,,not stated
Инженер по автоматизации тестирования Python,IBS,https://reutov.hh.ru/vacancy/76089237?from=vacancy_search_list&query=python,,,not stated
Младший web-аналитик,i-Media,https://reutov.hh.ru/vacancy/73869362?from=vacancy_search_list&query=python,,,not stated
Аналитик поисковых алгоритмов,WILDBERRIES,https://reutov.hh.ru/vacancy/76116409?from=vacancy_search_list&query=python,,,not stated
Python Developer,BMW,https://reutov.hh.ru/vacancy/75663086?from=vacancy_search_list&query=python,,,not stated
Senior DevOps Engineer (Remote),AvantIT,https://reutov.hh.ru/vacancy/76850155?from=vacancy_search_list&query=python,300000.0,400000.0,руб.
Специалист сопровождения ИТ-портала (офис),Outlines Technologies,https://reutov.hh.ru/vacancy/73228928?from=vacancy_search_list&query=python,,235000.0,руб.
Инженер по информационной безопасности,METASCAN,https://reutov.hh.ru/vacancy/76568661?from=vacancy_search_list&query=python,110000.0,160000.0,руб.
Senior Python разработчик (Intelligent Document Processing),Сбер. IT,https://reutov.hh.ru/vacancy/77016383?from=vacancy_search_list&query=python,200000.0,400000.0,руб.
QA-инженер со знанием языков программирования,SILA Union,https://reutov.hh.ru/vacancy/76939744?from=vacancy_search_list&query=python,,35000.0,руб.
"Инженер-программист, ГНСС/GPS",ООО НТЛаб-СК,https://reutov.hh.ru/vacancy/76937415?from=vacancy_search_list&query=python,,,not stated
Веб-аналитик,"билайн: ИТ, Data, Digital",https://reutov.hh.ru/vacancy/76821262?from=vacancy_search_list&query=python,,,not stated
Аналитик (для проектов в области искусственного интеллекта),Rubius,https://reutov.hh.ru/vacancy/76854467?from=vacancy_search_list&query=python,,,not stated
Аналитик поддержки в Плюс,Яндекс,https://reutov.hh.ru/vacancy/76312944?from=vacancy_search_list&query=python,,,not stated
Портфельный аналитик / Portfolio manager (middle/senior),Eqvanta,https://reutov.hh.ru/vacancy/72928034?from=vacancy_search_list&query=python,,,not stated
Преподаватель по программированию,ИП Майфет Валерий Викторович,https://reutov.hh.ru/vacancy/76868020?from=vacancy_search_list&query=python,,,not stated
Аналитик данных,"билайн: ИТ, Data, Digital",https://reutov.hh.ru/vacancy/76920748?from=vacancy_search_list&query=python,,,not stated
Python Team Lead,ТОО Improvado KZ,https://reutov.hh.ru/vacancy/77011351?from=vacancy_search_list&query=python,,,not stated
Python разработчик (Middle / Senior),X5 Tech,https://reutov.hh.ru/vacancy/77012817?from=vacancy_search_list&query=python,,,not stated
Development Team Lead (Python/Golang),ООО Транспарент Дил,https://reutov.hh.ru/vacancy/76031668?from=vacancy_search_list&query=python,,,not stated
Тестировщик ПО (офис/гибрид),ООО ПроКомплаенс,https://reutov.hh.ru/vacancy/76925681?from=vacancy_search_list&query=python,,,not stated
Python/Golang разработчик (Решения для моделирования),"Иннотех, Группа компаний",https://reutov.hh.ru/vacancy/76225027?from=vacancy_search_list&query=python,,,not stated
Python - разработчик (ALM 2.0 Динамическое моделирование баланса),"Иннотех, Группа компаний",https://reutov.hh.ru/vacancy/77056034?from=vacancy_search_list&query=python,,,not stated
Machine Learning Engineer,АНО ЦИСМ,https://reutov.hh.ru/vacancy/76485886?from=vacancy_search_list&query=python,,,not stated
ML/AI Lead,UserGate,https://reutov.hh.ru/vacancy/76036632?from=vacancy_search_list&query=python,,,not stated
С++ Unreal Engine Developer,ООО Инновационный центр КАМАЗ,https://reutov.hh.ru/vacancy/76847162?from=vacancy_search_list&query=python,137000.0,,руб.
Разработчик C++ (НИОКР),АО Эшелон Технологии,https://reutov.hh.ru/vacancy/76434217?from=vacancy_search_list&query=python,,125000.0,руб.
Voip инженер (Asterisk),ООО МСН Телеком,https://reutov.hh.ru/vacancy/77098302?from=vacancy_search_list&query=python,150000.0,,руб.
DevOps-инженер,ООО DSS Lab (ДСС Лаб),https://reutov.hh.ru/vacancy/77014718?from=vacancy_search_list&query=python,160000.0,200000.0,руб.
Руководитель группы/лаборатории Reinforcement Learning,Федеральное автономное учреждение Государственный Научно-Исследовательский Институт Авиационных Систем,https://reutov.hh.ru/vacancy/76949717?from=vacancy_search_list&query=python,200000.0,,руб.
Системный администратор Linux / Kubernetes (Middle DevOps инженер),ООО РА Дельта,https://reutov.hh.ru/vacancy/76114689?from=vacancy_search_list&query=python,180000.0,250000.0,руб.
Хемоинформатик,ООО Лаборатория Наносемантика,https://reutov.hh.ru/vacancy/75916790?from=vacancy_search_list&query=python,190000.0,,руб.
Linux Administrator,ООО Лето,https://reutov.hh.ru/vacancy/77090916?from=vacancy_search_list&query=python,170000.0,250000.0,руб.
Middle Python Developer (Backend / Server side),Flipper Devices,https://reutov.hh.ru/vacancy/77148120?from=vacancy_search_list&query=python,140000.0,220000.0,руб.
Junior+ DevOps инженер,СИГМА,https://reutov.hh.ru/vacancy/73523341?from=vacancy_search_list&query=python,,,not stated
Аналитик-разработчик в команду операционной эффективности Лавки,Яндекс,https://reutov.hh.ru/vacancy/75646394?from=vacancy_search_list&query=python,,,not stated
Программирующий математик (моделирование),ООО Ритм,https://reutov.hh.ru/vacancy/71680501?from=vacancy_search_list&query=python,,,not stated
Геймдизайнер-аналитик на мобильную RTS,Gear Games,https://reutov.hh.ru/vacancy/72557581?from=vacancy_search_list&query=python,,,not stated
Аналитик данных в Едадил,Яндекс,https://reutov.hh.ru/vacancy/77015184?from=vacancy_search_list&query=python,,,not stated
Специалист по внедрению/сопровождению операционных процессов подразделения Управления автоматизации,"СЛАВИЯ, АКБ",https://reutov.hh.ru/vacancy/76114693?from=vacancy_search_list&query=python,,,not stated
Разработчик на C++ в Карты,Яндекс,https://reutov.hh.ru/vacancy/76940702?from=vacancy_search_list&query=python,,,not stated
SRE специалист в проект Okmeter (Middle),АО Флант,https://reutov.hh.ru/vacancy/76143105?from=vacancy_search_list&query=python,,,not stated
Инженер-программист С++ / Python,Бюро 1440,https://reutov.hh.ru/vacancy/71655806?from=vacancy_search_list&query=python,,,not stated
Руководитель группы разработки бекенда Яндекс Игр (Go/Python),Яндекс,https://reutov.hh.ru/vacancy/77012588?from=vacancy_search_list&query=python,,,not stated
Senior Product Data Analyst в Поиск и рекомендации (работа в РФ),Леруа Мерлен. Центральный офис,https://reutov.hh.ru/vacancy/76333960?from=vacancy_search_list&query=python,,,not stated
Ведущий инженер-программист (разрабатывающее подразделение 5),ЗАО МНИТИ,https://reutov.hh.ru/vacancy/67746996?from=vacancy_search_list&query=python,,300000.0,руб.
Системный администратор Linux/DevOps Engineer,ООО Ит-Финанс,https://reutov.hh.ru/vacancy/75568222?from=vacancy_search_list&query=python,200000.0,350000.0,руб.
"Специалист отдела внедрения ПО (российская ИТ-компания, удалённо)",Первая Форма,https://reutov.hh.ru/vacancy/71396884?from=vacancy_search_list&query=python,50000.0,80000.0,руб.
Программист,ГУФССП России по Московской области,https://reutov.hh.ru/vacancy/77042771?from=vacancy_search_list&query=python,50000.0,75000.0,руб.
Программист микроконтроллеров / встраиваемых систем / Математик,ООО Конструкторское Бюро-7,https://reutov.hh.ru/vacancy/73898606?from=vacancy_search_list&query=python,100000.0,,руб.
Инженер верификации ASIC/FPGA,"Цифровые решения, НПП",https://reutov.hh.ru/vacancy/76905062?from=vacancy_search_list&query=python,150000.0,,руб.
QA Инженер по нагрузочному тестированию,КИБЕР-РОМ,https://reutov.hh.ru/vacancy/76917382?from=vacancy_search_list&query=python,,,not stated
Data scientist (time series),Диалог Регионы,https://reutov.hh.ru/vacancy/77066869?from=vacancy_search_list&query=python,,,not stated
Инженер разработчик ПЛИС (FPGA),АО Акметрон,https://reutov.hh.ru/vacancy/76941529?from=vacancy_search_list&query=python,,,not stated
Технический писатель со знанием IT,Яндекс,https://reutov.hh.ru/vacancy/76569397?from=vacancy_search_list&query=python,,,not stated
Аналитик качества данных,Группа Самолет,https://reutov.hh.ru/vacancy/76004470?from=vacancy_search_list&query=python,,,not stated
Lead Data Scientist,Sensemachine,https://reutov.hh.ru/vacancy/75920088?from=vacancy_search_list&query=python,,,not stated
ML разработчика (NLP),Rambler&Co,https://reutov.hh.ru/vacancy/76975998?from=vacancy_search_list&query=python,,,not stated
Python-разработчик / DevOps / Автоматизатор,ООО ЭКВИО,https://reutov.hh.ru/vacancy/76912455?from=vacancy_search_list&query=python,,,not stated
Специалист по информационной безопасности (ФинТех),Sky Fort Technologies,https://reutov.hh.ru/vacancy/77091035?from=vacancy_search_list&query=python,,,not stated
Программист-исследователь (проект Поиск),VK,https://reutov.hh.ru/vacancy/70348054?from=vacancy_search_list&query=python,,,not stated
Главный аналитик Machine Learning (Python/SAS),Ингосстрах,https://reutov.hh.ru/vacancy/77134058?from=vacancy_search_list&query=python,,,not stated
Ведущий разработчик отдела интеграции (python),Группа компаний Астра,https://reutov.hh.ru/vacancy/73766191?from=vacancy_search_list&query=python,,,not stated
Automation QA Engineer (Удаленно),BAUM STORAGE,https://reutov.hh.ru/vacancy/74156676?from=vacancy_search_list&query=python,,,not stated
Продуктовый аналитик,Eqvanta,https://reutov.hh.ru/vacancy/74373458?from=vacancy_search_list&query=python,,,not stated
Начинающий специалист,Rebotica,https://reutov.hh.ru/vacancy/76927447?from=vacancy_search_list&query=python,,80000.0,руб.
Инженер-программист (Отдел по планшетным компьютерам),АО Аэроприбор-Восход,https://reutov.hh.ru/vacancy/46236237?from=vacancy_search_list&query=python,120000.0,120000.0,руб.
Аналитик Power BI,ООО Медиапоинт,https://reutov.hh.ru/vacancy/77130018?from=vacancy_search_list&query=python,,,not stated
Тестировщик,ООО Моринтех,https://reutov.hh.ru/vacancy/76453814?from=vacancy_search_list&query=python,,,not stated
"Ведущий инженер-программист (python, С/C++)",Контур,https://reutov.hh.ru/vacancy/76920492?from=vacancy_search_list&query=python,,,not stated
Data-Scientist / Дата-сайентист,Employcity,https://reutov.hh.ru/vacancy/76913797?from=vacancy_search_list&query=python,,,not stated
Разработчик С++,Яндекс,https://reutov.hh.ru/vacancy/76345440?from=vacancy_search_list&query=python,,,not stated
Руководитель отдела анализа данных/CDS,ГРИНМАНИ,https://reutov.hh.ru/vacancy/77023297?from=vacancy_search_list&query=python,,,not stated
Технический директор (CTO),ООО Верме,https://reutov.hh.ru/vacancy/76138730?from=vacancy_search_list&query=python,,,not stated
Product analyst (Беспилотные автомобили),Яндекс,https://reutov.hh.ru/vacancy/76970982?from=vacancy_search_list&query=python,,,not stated
Аналитик отдела валидации,АО Рейтинговое Агентство Эксперт РА,https://reutov.hh.ru/vacancy/69534347?from=vacancy_search_list&query=python,,,not stated
Тестировщик ПО,Группа компаний Астра,https://reutov.hh.ru/vacancy/68793466?from=vacancy_search_list&query=python,,,not stated
Аналитик базы данных,"Запад,ООО",https://reutov.hh.ru/vacancy/76611889?from=vacancy_search_list&query=python,,,not stated
Инженер в группу поддержки облачной платформы,Яндекс,https://reutov.hh.ru/vacancy/75572474?from=vacancy_search_list&query=python,,,not stated
Инженер в группу поддержки облачной платформы,Яндекс,https://reutov.hh.ru/vacancy/76010582?from=vacancy_search_list&query=python,,,not stated
Эксперт-аналитик в области Антифрод,Консалтика,https://reutov.hh.ru/vacancy/76356586?from=vacancy_search_list&query=python,,,not stated
Актуарий в страховую компанию,"Энергогарант, Страховая компания",https://reutov.hh.ru/vacancy/77080908?from=vacancy_search_list&query=python,,,not stated
Системный администратор (СУБД),"билайн: ИТ, Data, Digital",https://reutov.hh.ru/vacancy/76037317?from=vacancy_search_list&query=python,,,not stated
DevSecOps (специалист по безопасной разработке),Angara Security,https://reutov.hh.ru/vacancy/72339581?from=vacancy_search_list&query=python,,,not stated
Программист,Weborama Russia,https://reutov.hh.ru/vacancy/76152791?from=vacancy_search_list&query=python,,,not stated
ML-Researcher (NLP),МФТИ ГУ,https://reutov.hh.ru/vacancy/76006351?from=vacancy_search_list&query=python,210000.0,,руб.
DevOps Engineer,HR Prime,https://reutov.hh.ru/vacancy/76683609?from=vacancy_search_list&query=python,3000.0,5000.0,EUR
Senior DevOps,Пикабу,https://reutov.hh.ru/vacancy/77014448?from=vacancy_search_list&query=python,,400000.0,руб.
Ведущий разработчик мобильных приложений,ООО ЮниСейф,https://reutov.hh.ru/vacancy/77059777?from=vacancy_search_list&query=python,150000.0,,руб.
ML-Researcher (NLP),МФТИ ГУ,https://reutov.hh.ru/vacancy/76471092?from=vacancy_search_list&query=python,170000.0,210000.0,руб.
Junior Data Engineer,Сбер. Data Science,https://reutov.hh.ru/vacancy/75751501?from=vacancy_search_list&query=python,,,not stated
DilOS (illumos based) developer,ООО Арго Технолоджи Ист,https://reutov.hh.ru/vacancy/46679386?from=vacancy_search_list&query=python,,,not stated
Data Engineer,ООО Лаборатория Наносемантика,https://reutov.hh.ru/vacancy/76958463?from=vacancy_search_list&query=python,,,not stated
Python-разработчик (команда IaaS сервисы в VK Cloud),"VK, Цифровые технологии",https://reutov.hh.ru/vacancy/76026102?from=vacancy_search_list&query=python,,,not stated
Методист направления Основы компьютерных наук (Methodologist of Fundamentals of Computer Science),Глухова Ирина,https://reutov.hh.ru/vacancy/76165336?from=vacancy_search_list&query=python,,,not stated
Data Engineer (Backend),ООО Цифромед,https://reutov.hh.ru/vacancy/77120466?from=vacancy_search_list&query=python,,,not stated
Разработчик (backend Python) middle/senior,ООО Моринтех,https://reutov.hh.ru/vacancy/77085204?from=vacancy_search_list&query=python,,,not stated
Senior Python Developer,ООО ГПМ Партнер,https://reutov.hh.ru/vacancy/75955238?from=vacancy_search_list&query=python,,,not stated
Senior Python Developer,ООО ГПМ Партнер,https://reutov.hh.ru/vacancy/77125729?from=vacancy_search_list&query=python,,,not stated
Мануальный тестировщик backend,ООО Ритм,https://reutov.hh.ru/vacancy/76964474?from=vacancy_search_list&query=python,,,not stated
Аналитик технической поддержки BI-системы,Триафлай,https://reutov.hh.ru/vacancy/75576564?from=vacancy_search_list&query=python,,,not stated
Senior Python developer,Rutube,https://reutov.hh.ru/vacancy/67540644?from=vacancy_search_list&query=python,,,not stated
Инженер корпоративных систем,ООО Грин Лайт Технолоджи,https://reutov.hh.ru/vacancy/76374423?from=vacancy_search_list&query=python,,,not stated
Embedded-разработчик в команду беспилотных технологий,Яндекс,https://reutov.hh.ru/vacancy/73090629?from=vacancy_search_list&query=python,,,not stated
Специалист технической поддержки WMS в Маркет,Яндекс,https://reutov.hh.ru/vacancy/77137107?from=vacancy_search_list&query=python,,,not stated
Lead Data Engineer (удаленно),ГК Медси. Управляющая компания,https://reutov.hh.ru/vacancy/76243485?from=vacancy_search_list&query=python,300000.0,400000.0,руб.
Ведущий специалист по безопасности приложений (AppSec),Carcade Leasing,https://reutov.hh.ru/vacancy/66772217?from=vacancy_search_list&query=python,,330000.0,руб.
Python Backend Developer (Senior/Remote),JetLend,https://reutov.hh.ru/vacancy/76870825?from=vacancy_search_list&query=python,,300000.0,руб.
Python-разработчик (Автоматизация сетевых сервисов),Сбер. IT,https://reutov.hh.ru/vacancy/76901352?from=vacancy_search_list&query=python,,,not stated
RPA-разработчик,HARTUNG,https://reutov.hh.ru/vacancy/76140034?from=vacancy_search_list&query=python,,,not stated
Аналитик витрины данных (Средний и малый бизнес),"ПАО ВТБ, Средний и малый бизнес",https://reutov.hh.ru/vacancy/71157906?from=vacancy_search_list&query=python,,,not stated
Разработчик на С++ в Маркет,Яндекс,https://reutov.hh.ru/vacancy/76977950?from=vacancy_search_list&query=python,,,not stated
Deep Learning Engineer (Маруся),VK,https://reutov.hh.ru/vacancy/44531061?from=vacancy_search_list&query=python,,,not stated
Инженер-исследователь (г. Астана),НПЦ Динамика,https://reutov.hh.ru/vacancy/77005147?from=vacancy_search_list&query=python,,,not stated
Data Analyst,ООО Апптимизм,https://reutov.hh.ru/vacancy/76277824?from=vacancy_search_list&query=python,,,not stated
Ведущий специалист (портфельный аналитик) Отдела управления розничными рисками,Тойота Банк,https://reutov.hh.ru/vacancy/76129843?from=vacancy_search_list&query=python,,,not stated
Руководитель группы разработки,Вокорд,https://reutov.hh.ru/vacancy/76986410?from=vacancy_search_list&query=python,,,not stated
Senior Python developer,SUNLIGHT/САНЛАЙТ,https://reutov.hh.ru/vacancy/66147239?from=vacancy_search_list&query=python,,,not stated
QA инженер (Python),Сбер. IT,https://reutov.hh.ru/vacancy/76856846?from=vacancy_search_list&query=python,,,not stated
Backend разработчик python (middle+/senior),Газпром нефть,https://reutov.hh.ru/vacancy/76934452?from=vacancy_search_list&query=python,,,not stated
Продуктовый аналитик со знанием web-аналитики,ООО Маркет Папа,https://reutov.hh.ru/vacancy/76941208?from=vacancy_search_list&query=python,,,not stated
Data Engineer,ООО Апптимизм,https://reutov.hh.ru/vacancy/74005859?from=vacancy_search_list&query=python,,,not stated
Senior Python разработчик,Домклик,https://reutov.hh.ru/vacancy/68918046?from=vacancy_search_list&query=python,,,not stated
Эксперт,Банк Открытие,https://reutov.hh.ru/vacancy/77059325?from=vacancy_search_list&query=python,,,not stated
Python Team Lead,Ростелеком - Центры обработки данных,https://reutov.hh.ru/vacancy/77136977?from=vacancy_search_list&query=python,,,not stated
Программист инфраструктуры,ООО Смарт Энджинс Сервис,https://reutov.hh.ru/vacancy/76939663?from=vacancy_search_list&query=python,150000.0,200000.0,руб.
Ведущий аналитик,Агентство стратегического развития «ЦЕНТР»,https://reutov.hh.ru/vacancy/75963869?from=vacancy_search_list&query=python,90000.0,120000.0,руб.
Ведущий разработчик программного обеспечения,Zelax,https://reutov.hh.ru/vacancy/76960162?from=vacancy_search_list&query=python,150000.0,,руб.
Младший системный администратор,Mindbox,https://reutov.hh.ru/vacancy/74389227?from=vacancy_search_list&query=python,60000.0,90000.0,руб.
Эксперт по информационной безопасности в разработке (ИТ),КИБЕР-РОМ,https://reutov.hh.ru/vacancy/73996990?from=vacancy_search_list&query=python,250000.0,,руб.
Системный администратор Linux (удаленная работа),StormWall™,https://reutov.hh.ru/vacancy/76082751?from=vacancy_search_list&query=python,,200000.0,руб.
Системный/бизнес аналитик,ИП Мамаева Ирина Анатольевна,https://reutov.hh.ru/vacancy/76987767?from=vacancy_search_list&query=python,250000.0,,руб.
"Инженер-разработчик ПЛИС (ППВМ, FPGA, VHDL / Verilog)",НТЦ Радуга,https://reutov.hh.ru/vacancy/71291373?from=vacancy_search_list&query=python,80000.0,150000.0,руб.
Разработчик платформы аналитики в Маркет,Яндекс,https://reutov.hh.ru/vacancy/75611208?from=vacancy_search_list&query=python,,,not stated
C++ Разработчик в Браузер,Яндекс,https://reutov.hh.ru/vacancy/76204816?from=vacancy_search_list&query=python,,,not stated
"Инженер по автоматизации тестирования Python, Поиск и Каталог, Личный кабинет продавца",Ozon Информационные технологии,https://reutov.hh.ru/vacancy/76511478?from=vacancy_search_list&query=python,,,not stated
DevOps (удаленная работа),Связной,https://reutov.hh.ru/vacancy/76053000?from=vacancy_search_list&query=python,,,not stated
Data Scientist,ООО КомплИТех,https://reutov.hh.ru/vacancy/77079497?from=vacancy_search_list&query=python,,,not stated
Разработчик/Аналитик SQL,Сбер. Data Science,https://reutov.hh.ru/vacancy/70044985?from=vacancy_search_list&query=python,,,not stated
HR Аналитик,Яндекс,https://reutov.hh.ru/vacancy/75995261?from=vacancy_search_list&query=python,,,not stated
Системный администратор,Релиз,https://reutov.hh.ru/vacancy/76242101?from=vacancy_search_list&query=python,,,not stated
AntiFraud Data Analyst,Райффайзен Банк,https://reutov.hh.ru/vacancy/75882933?from=vacancy_search_list&query=python,,,not stated
DevOps инженер,Corporate Performance Systems,https://reutov.hh.ru/vacancy/76870753?from=vacancy_search_list&query=python,,,not stated
Продуктовый аналитик в Яндекс Еду,Яндекс,https://reutov.hh.ru/vacancy/75646244?from=vacancy_search_list&query=python,,,not stated
DevSecOps,SberTech,https://reutov.hh.ru/vacancy/77136765?from=vacancy_search_list&query=python,,,not stated
Инженер по автоматизации тестирования в команду краткосрочной аренды Авито,АВИТО ТЕХ: разработка,https://reutov.hh.ru/vacancy/76451550?from=vacancy_search_list&query=python,,320000.0,руб.
DevOps Engineer,Perfect Panel,https://reutov.hh.ru/vacancy/76418401?from=vacancy_search_list&query=python,200000.0,,руб.
Главный специалист администрирования удаленных каналов (офисный формат м.Технопарк),Outlines Technologies,https://reutov.hh.ru/vacancy/71417407?from=vacancy_search_list&query=python,,210000.0,руб.
Бизнес-аналитик,"Стройтрансгаз, ГК",https://reutov.hh.ru/vacancy/76925021?from=vacancy_search_list&query=python,150000.0,,руб.
Data Engineer,"Hi, Rockits!",https://reutov.hh.ru/vacancy/77019444?from=vacancy_search_list&query=python,240000.0,,руб.
Аналитик игр в студию Redux Games,ООО Юкси Прождект,https://reutov.hh.ru/vacancy/76734449?from=vacancy_search_list&query=python,,,not stated
Старший инженер - тестировщик встраиваемого ПО,ООО АМДтехнологии,https://reutov.hh.ru/vacancy/76776107?from=vacancy_search_list&query=python,,,not stated
Python developer (Middle),"ПАО МегаФон, IT",https://reutov.hh.ru/vacancy/76843358?from=vacancy_search_list&query=python,,,not stated
Project Manager (IT),idaproject,https://reutov.hh.ru/vacancy/76350080?from=vacancy_search_list&query=python,,,not stated
Аналитик в команду операционного управления сервиса путешествий,Туту.ру,https://reutov.hh.ru/vacancy/76913091?from=vacancy_search_list&query=python,,,not stated
Инженер доступности сервисов / Site Reliability Engineer (SRE) работа в РФ,Леруа Мерлен. Центральный офис,https://reutov.hh.ru/vacancy/76333977?from=vacancy_search_list&query=python,,,not stated
C разработчик,ООО Вебмониторэкс,https://reutov.hh.ru/vacancy/76554854?from=vacancy_search_list&query=python,,,not stated
Release Engineer,Группа Самолет,https://reutov.hh.ru/vacancy/75566306?from=vacancy_search_list&query=python,,,not stated
Marketing Analyst,Метр квадратный,https://reutov.hh.ru/vacancy/76038884?from=vacancy_search_list&query=python,,,not stated
DevOps Engineer,Lesta Games,https://reutov.hh.ru/vacancy/76078332?from=vacancy_search_list&query=python,,,not stated
Middle Python developer,АО РТСофт,https://reutov.hh.ru/vacancy/76868710?from=vacancy_search_list&query=python,,,not stated
Инженер-верификатор,АО БАЙКАЛ ЭЛЕКТРОНИКС,https://reutov.hh.ru/vacancy/48173548?from=vacancy_search_list&query=python,,,not stated
Системный инженер в команду беспилотных автомобилей,Яндекс,https://reutov.hh.ru/vacancy/76977170?from=vacancy_search_list&query=python,,,not stated
Разработчик бэкенда в Путешествия,Яндекс,https://reutov.hh.ru/vacancy/70824401?from=vacancy_search_list&query=python,,,not stated
Инженер по нагрузочному тестированию,"Компания «СПОРТМАСТЕР», Sportmaster Lab",https://reutov.hh.ru/vacancy/76558448?from=vacancy_search_list&query=python,,,not stated
Reverse Engineer / Вирусный аналитик / Реверc инженер,Наумова Диана Петровна,https://reutov.hh.ru/vacancy/76989033?from=vacancy_search_list&query=python,300000.0,350000.0,руб.
Ведущий back-end программист (javascript) (удаленно),ООО ВойсЛинк,https://reutov.hh.ru/vacancy/76859315?from=vacancy_search_list&query=python,200000.0,,руб.
Fullstack-разработчик (.NET),ООО НАУЧНАЯ ЭЛЕКТРОННАЯ БИБЛИОТЕКА,https://reutov.hh.ru/vacancy/76957832?from=vacancy_search_list&query=python,80000.0,100000.0,руб.
Программист С++/Qt (клиент для CommuniGate Pro),CommuniGate Systems Russia,https://reutov.hh.ru/vacancy/76455731?from=vacancy_search_list&query=python,150000.0,200000.0,руб.
Инженер по тестированию,ГКУ города Москвы Центр занятости населения города Москвы,https://reutov.hh.ru/vacancy/73806829?from=vacancy_search_list&query=python,,75000.0,руб.
Инженер логического проектирования,АО МЦСТ,https://reutov.hh.ru/vacancy/76052014?from=vacancy_search_list&query=python,200000.0,,руб.
Web-программист/front-end разработчик,МД Информационные Системы,https://reutov.hh.ru/vacancy/77022963?from=vacancy_search_list&query=python,150000.0,235000.0,руб.
Middle backend developer,ООО Смартекс,https://reutov.hh.ru/vacancy/76985126?from=vacancy_search_list&query=python,,,not stated
Middle QA Engineer,AERODISK,https://reutov.hh.ru/vacancy/76111839?from=vacancy_search_list&query=python,,,not stated
Senior Python разработчик (PT NAD),Positive Technologies,https://reutov.hh.ru/vacancy/76678935?from=vacancy_search_list&query=python,,,not stated
Системный администратор,Content AI,https://reutov.hh.ru/vacancy/76915008?from=vacancy_search_list&query=python,,,not stated
Python developer (ВТБ Лизинг),"Иннотех, Группа компаний",https://reutov.hh.ru/vacancy/76118071?from=vacancy_search_list&query=python,,,not stated
Lead Product Analyst (Команда беспилотных автомобилей),Яндекс,https://reutov.hh.ru/vacancy/76402003?from=vacancy_search_list&query=python,,,not stated
Эксперт департамента сертификации и тестирования (аудит кода),АО НПО Эшелон,https://reutov.hh.ru/vacancy/76939283?from=vacancy_search_list&query=python,,,not stated
Руководитель отдела разработки,Группа Самолет,https://reutov.hh.ru/vacancy/76328492?from=vacancy_search_list&query=python,,,not stated
Ведущий разработчик (OeBS),"билайн: ИТ, Data, Digital",https://reutov.hh.ru/vacancy/76133269?from=vacancy_search_list&query=python,,,not stated
DevSecOps Engineer,Группа Самолет,https://reutov.hh.ru/vacancy/76418778?from=vacancy_search_list&query=python,,,not stated
Senior Python разработчик,Международная медиагруппа Россия сегодня (МИА Россия сегодня),https://reutov.hh.ru/vacancy/75841200?from=vacancy_search_list&query=python,,,not stated
Machine learning engineer,AliExpress Россия,https://reutov.hh.ru/vacancy/76000617?from=vacancy_search_list&query=python,,,not stated
DevOps-инженер,Hibirit,https://reutov.hh.ru/vacancy/75978927?from=vacancy_search_list&query=python,,,not stated
